{"5": -0.7005418924715658, "7": -0.6856132131657622, "9": -0.7891415451532492, "11": -0.8487673103287744, "13": -0.9382911803907938, "15": -0.9712797319442024}